,Team Score,Opp Score,Home/Away,Opponent,Team FG%,Opponent FG%,Team 3P%,Opponent 3P%,Team AST,Team TOV,Opponent AST,Opponent TOV,Team FGA,Team FTA,Opponent FGA,Opponent FTA,Team ORB,Opponent ORB,ORtg,DRtg,Ast_Tov_Team,Ast_Tov_Opp,Possession,Team,Opponent_num,prev_ORtg,prev_DRtg
0,105,85,0,HOU,0.506,0.345,0.481,0.229,26,21,17,16,79,18,87,26,9,15,109.43199583116207,88.58780614903597,1.238095238095238,1.0625,95.95,18,19,0.0,0.0
1,78,95,1,MIN,0.305,0.423,0.2,0.182,15,14,18,17,95,20,71,41,17,7,69.0341851974776,84.08009735590221,1.0714285714285714,1.0588235294117647,112.9875,18,29,0.0,0.0
2,93,117,0,OKC,0.38,0.523,0.34600000000000003,0.52,20,13,32,19,92,19,86,18,14,13,90.03993706886118,113.27604986082537,1.5384615384615383,1.6842105263157894,103.2875,18,20,0.0,0.0
3,120,109,0,LAL,0.506,0.419,0.35,0.231,30,14,18,10,85,31,86,38,11,11,117.20180686118911,106.45830789891346,2.142857142857143,1.8,102.3875,18,16,0.0,0.0
4,84,96,1,UTA,0.389,0.435,0.25,0.458,16,13,23,10,72,34,85,17,11,12,99.86625055728932,114.13285777975923,1.2307692307692308,2.3,84.11250000000003,18,21,0.0,0.0
5,104,119,0,GSW,0.424,0.495,0.333,0.459,23,19,40,20,92,22,93,18,10,13,94.9771689497717,108.675799086758,1.2105263157894737,2.0,109.5,18,30,0.0,0.0
6,108,104,1,POR,0.519,0.396,0.368,0.345,20,14,20,9,77,32,91,27,8,10,115.49258120572115,111.21507819810186,1.4285714285714286,2.2222222222222223,93.5125,18,23,0.0,0.0
7,103,102,1,MIL,0.494,0.532,0.333,0.455,27,14,26,16,79,24,79,9,14,8,113.38929406907938,112.28842713636988,1.9285714285714288,1.625,90.8375,18,1,0.0,0.0
8,107,98,1,HOU,0.457,0.429,0.45,0.31,25,18,19,20,81,32,77,31,12,8,101.9411694652852,93.3666785756818,1.3888888888888888,0.95,104.9625,18,19,0.0,0.0
9,81,105,0,PHO,0.34700000000000003,0.44,0.171,0.458,13,10,19,20,98,8,84,26,9,10,72.59690790947793,94.10710284561956,1.3,0.95,111.575,18,25,95.9481939552026,100.31996713747833
10,115,98,0,NOP,0.529,0.494,0.5,0.304,27,13,25,9,85,13,83,11,11,8,124.7288503253796,106.29067245119309,2.0769230769230766,2.7777777777777777,92.2,18,28,100.83079302547706,105.74197178964856
11,98,109,0,SAS,0.388,0.488,0.333,0.5,25,6,33,10,98,18,86,20,17,10,96.52794878108841,107.36271854223095,4.166666666666667,3.3,101.525,18,26,102.14416745892517,106.37366628249319
12,107,114,1,PHO,0.456,0.506,0.208,0.556,24,11,22,19,90,26,79,25,14,10,101.79569508859556,108.45522654298964,2.1818181818181817,1.1578947368421053,105.1125,18,25,103.40178990634908,106.45270927426061
13,105,118,1,GSW,0.43,0.528,0.267,0.517,23,19,35,21,86,35,89,13,13,11,99.62049335863377,111.95445920303604,1.2105263157894737,1.6666666666666667,105.4,18,30,103.35772205372997,105.36875835587152
14,94,111,1,LAC,0.397,0.468,0.32,0.4,16,16,24,7,78,29,79,47,8,11,95.86945436002037,113.2075471698113,1.0,3.4285714285714284,98.05,18,17,102.23437126664281,105.03676620873125
15,80,91,1,SAS,0.403,0.48,0.35,0.364,17,18,22,18,77,13,75,14,8,5,84.2881601475043,95.87778216778614,0.9444444444444444,1.2222222222222223,94.9125,18,26,101.67668407948985,105.06856144342632
16,81,92,0,DAL,0.4,0.429,0.32,0.269,17,20,18,13,75,17,77,27,10,10,88.09135399673734,100.05437737901032,0.85,1.3846153846153846,91.95,18,22,100.59969867115855,105.09325589482852
17,74,92,0,MIL,0.373,0.455,0.316,0.333,19,22,25,13,75,16,77,22,10,8,79.97838422048096,99.43258578762494,0.8636363636363636,1.9230769230769231,92.525,18,1,98.68772809004594,105.20076275374245
18,90,99,0,CHI,0.387,0.404,0.333,0.353,26,7,22,14,93,22,89,27,13,15,88.98776418242491,97.8865406006674,3.7142857142857135,1.5714285714285714,101.1375,18,11,96.37212521028184,105.06698052257812
19,106,105,0,TOR,0.469,0.424,0.444,0.29600000000000004,30,11,21,4,81,18,92,22,6,9,117.1270718232044,116.0220994475138,2.727272727272727,5.25,90.5,18,2,94.4682959162797,105.01692385919866
20,108,105,0,PHI,0.457,0.5,0.355,0.484,25,17,22,20,81,38,74,26,13,7,103.15186246418341,100.28653295128943,1.4705882352941178,1.1,104.7,18,6,94.56343879848816,105.1423912370162
21,74,85,1,ORL,0.333,0.4320000000000001,0.292,0.063,19,17,14,20,84,20,88,10,10,10,74.27854454203262,85.31994981179423,1.1176470588235294,0.7,99.625,18,8,93.08255246170062,104.25300434187983
22,111,108,1,MIN,0.442,0.4370000000000001,0.393,0.368,21,12,22,10,86,33,87,29,8,8,107.01373825018077,104.12147505422995,1.75,2.2,103.725,18,29,92.32994924726634,102.76297974879915
23,114,108,1,HOU,0.512,0.471,0.32,0.45,26,18,26,11,82,25,87,11,15,5,119.93687532877432,113.62440820620728,1.4444444444444444,2.363636363636364,95.05,18,19,92.97818869462537,101.95320692623082
24,112,100,0,MIN,0.562,0.468,0.556,0.4,24,14,21,9,73,27,77,31,10,10,126.87623902577171,113.28235627301045,1.7142857142857142,2.333333333333333,88.275,18,29,94.90349649851524,101.73858152007307
25,88,97,0,UTA,0.392,0.466,0.214,0.4,15,14,15,14,79,25,73,25,15,5,92.7536231884058,102.23978919631094,1.0714285714285714,1.0714285714285714,94.875,18,21,97.95666258072617,102.00726534417565
26,125,130,1,NOP,0.469,0.564,0.486,0.458,26,5,24,10,96,22,78,39,13,7,115.754138210441,120.38430373885865,5.2,2.4,107.9875,18,28,100.38230068077827,102.77404455733559
27,107,111,1,LAL,0.456,0.476,0.36,0.269,26,12,17,11,90,19,84,32,13,11,105.30200516668717,109.23852872432032,2.1666666666666665,1.5454545454545454,101.6125,18,16,103.28658972055246,104.26688583860903
28,104,96,0,PHO,0.462,0.414,0.4,0.52,26,17,21,16,91,13,87,17,13,12,101.8359853121175,94.00244798041616,1.5294117647058822,1.3125,102.125,18,25,105.79796514586096,105.69524806832825
29,86,101,0,SAS,0.442,0.481,0.278,0.7,25,15,21,11,86,6,81,17,8,10,90.08773078433941,105.80070708393349,1.6666666666666667,1.9090909090909087,95.4625,18,26,107.2446714362118,106.49637244735318
30,112,122,0,OKC,0.489,0.578,0.36,0.5329999999999999,24,10,27,14,94,15,83,21,17,13,112.50627825213463,122.55148166750378,2.4,1.9285714285714288,99.55,18,20,106.64501569681087,106.79143638012313
31,87,93,1,CLE,0.416,0.442,0.208,0.182,18,18,17,12,89,11,86,22,12,9,85.85173307018626,91.77254224744048,1.0,1.4166666666666667,101.3375,18,15,106.81308906348885,108.096018776227
32,103,110,0,POR,0.425,0.471,0.444,0.375,20,14,22,14,87,19,87,20,12,12,104.8212695585803,111.94504515964891,1.4285714285714286,1.5714285714285714,98.2625,18,23,106.17811226809503,108.27386076899745
33,108,111,0,GSW,0.419,0.5,0.16699999999999998,0.35700000000000004,27,13,34,13,105,23,86,23,24,9,96.0640426951301,98.73248832555038,2.0769230769230766,2.6153846153846154,112.425,18,30,104.46142833961962,108.02677202843397
34,106,112,1,POR,0.425,0.513,0.318,0.435,20,8,23,10,80,48,78,32,15,7,109.27835051546393,115.46391752577318,2.5,2.3,97.0,18,23,102.21724074309358,106.97728362157486
35,78,74,0,MIN,0.358,0.384,0.4,0.273,21,11,23,9,81,17,73,20,13,8,87.3582528349433,82.87834243315135,1.9090909090909087,2.555555555555556,89.2875,18,29,100.80583926015652,106.72334513054481
36,84,91,0,MEM,0.368,0.366,0.211,0.444,19,17,14,7,87,19,82,30,19,11,87.83165599268071,95.15096065873743,1.1176470588235294,2.0,95.6375,18,24,100.11697669465713,105.61014625285975
37,95,92,1,CHO,0.416,0.361,0.444,0.333,25,13,24,12,77,23,83,24,8,9,103.078801030788,99.82368099823681,1.9230769230769231,2.0,92.1625,18,9,98.56392170251854,103.99181164890972
38,112,110,1,GSW,0.425,0.477,0.227,0.385,22,13,25,13,87,37,88,20,13,7,108.17336713751058,106.24169986719791,1.6923076923076923,1.9230769230769231,103.5375,18,30,98.07639347315416,102.82280796378838
39,95,98,1,MIA,0.41,0.494,0.333,0.333,23,13,26,13,78,26,81,19,6,9,100.8626410086264,104.04777704047777,1.7692307692307692,2.0,94.1875,18,5,98.10607785269069,102.26499778421137
40,129,126,1,IND,0.505,0.585,0.385,0.45,25,17,27,15,91,38,82,30,17,9,117.11302768951427,114.3894689060372,1.4705882352941178,1.8,110.15,18,4,98.43945683362259,101.30839724579906
41,104,110,1,OKC,0.422,0.423,0.35,0.214,21,17,30,13,83,36,97,30,12,16,104.33910208176573,110.35866566340607,1.2352941176470589,2.3076923076923075,99.675,18,20,99.01244471405776,100.79804852452028
42,101,102,1,MEM,0.45,0.5,0.3,0.28600000000000003,26,10,21,12,80,26,72,29,10,4,104.05666452028332,105.08692852543464,2.6,1.75,97.0625,18,24,100.57313238957612,101.9251454375941
43,104,101,1,DET,0.462,0.476,0.364,0.379,18,8,23,16,78,29,84,19,3,11,110.16949152542372,106.99152542372879,2.25,1.4375,94.4,18,13,101.64597941329261,102.59204726710377
44,105,119,1,ATL,0.393,0.5,0.3,0.333,18,15,28,14,84,37,86,26,12,10,102.47651579846284,116.14005123825791,1.2,2.0,102.4625,18,14,103.4002676944135,104.07777614280475
45,103,111,0,BOS,0.429,0.4270000000000001,0.333,0.321,23,20,29,11,84,32,96,24,14,14,104.25101214574896,112.3481781376518,1.15,2.636363636363636,98.8,18,3,104.33015365784436,105.44116559682595
46,117,113,0,WAS,0.506,0.443,0.5,0.393,25,15,21,14,81,33,88,30,7,12,115.88461062275594,111.92274359291815,1.6666666666666667,1.5,100.9625,18,10,105.6808676680368,107.68229036608399
47,105,109,0,IND,0.46,0.44,0.222,0.333,24,19,26,15,87,25,100,16,8,14,102.20221438131159,106.09563207202824,1.263157894736842,1.7333333333333334,102.7375,18,4,106.92293366683106,109.04095399239232
48,112,93,1,TOR,0.542,0.3720000000000001,0.455,0.32,28,19,13,12,83,15,78,39,7,9,108.39583837406241,90.00725864989111,1.4736842105263157,1.0833333333333333,103.325,18,2,106.89739468552575,109.72932624456134
49,81,85,0,UTA,0.371,0.446,0.222,0.227,11,14,14,14,70,33,74,20,9,8,91.95402298850573,96.49496239534551,0.7857142857142857,1.0,88.0875,18,21,106.88127301373812,109.1573880696112
50,115,110,1,CHI,0.448,0.462,0.333,0.417,22,10,21,10,87,44,93,27,13,11,112.89728801079886,107.98871027119893,2.2,2.1,101.8625,18,11,106.37664117802416,108.27987623698523
51,101,96,0,NYK,0.43,0.44,0.238,0.364,20,7,19,10,86,28,84,20,11,10,105.87002096436058,100.62893081761007,2.8571428571428568,1.9,95.4,18,12,105.97150002443404,107.07441953989864
52,104,105,0,BRK,0.467,0.519,0.36,0.474,24,12,23,15,90,13,81,15,12,8,103.8442336495257,104.84273589615576,2.0,1.5333333333333334,100.15,18,7,105.86623212571597,105.6097918949907
53,103,92,0,DET,0.47,0.4320000000000001,0.316,0.37,25,12,21,14,83,24,88,7,8,7,107.44556004694219,95.97079149823963,2.083333333333333,1.5,95.8625,18,13,105.61643827670491,104.44597740462963
54,110,116,0,SAC,0.467,0.494,0.333,0.476,26,18,16,22,90,26,83,31,9,7,95.20718381477873,100.4003029319485,1.4444444444444444,0.7272727272727273,115.5375,18,27,105.33759202114344,103.02723548738103
55,101,121,1,BOS,0.466,0.485,0.28600000000000003,0.313,19,24,32,17,73,34,97,20,6,15,105.40046960605271,126.27184972606314,0.7916666666666666,1.8823529411764703,95.825,18,3,104.88554883095965,101.76486748762468
56,110,114,1,SAC,0.41,0.518,0.37,0.412,27,12,28,16,100,22,83,28,12,6,94.11764705882351,97.54010695187165,2.25,1.75,116.875,18,27,104.63742042792731,102.26926809152698
57,87,81,0,LAC,0.378,0.353,0.25,0.28300000000000003,18,16,19,17,90,17,85,14,14,9,84.99206252289656,79.13054096959334,1.125,1.1176470588235294,102.3625,18,17,103.55969305230721,102.3661072456238
58,116,122,0,DAL,0.462,0.511,0.31,0.379,18,15,25,14,93,31,88,27,18,10,108.1333022605453,113.72640410160801,1.2,1.7857142857142858,107.275,18,22,102.32151489371293,101.89074197512431
59,96,103,1,MEM,0.5329999999999999,0.48,0.32,0.15,27,19,27,8,75,10,75,36,8,4,102.75622156810276,110.24886272411024,1.4210526315789471,3.375,93.425,18,24,101.42756077838331,102.84502346344992
60,117,107,1,LAL,0.487,0.443,0.522,0.355,22,11,19,6,78,38,79,32,7,6,121.08667529107372,110.7373868046572,2.0,3.1666666666666665,96.625,18,16,100.91921484347131,103.2941348144965
61,120,121,1,BRK,0.479,0.505,0.231,0.591,28,15,32,13,96,25,91,21,17,8,110.6755821996772,111.59787871800785,1.8666666666666667,2.4615384615384617,108.425,18,7,100.75638935154144,103.46465343560739
62,116,114,1,DAL,0.411,0.441,0.34600000000000003,0.39,25,11,29,12,107,25,93,20,17,8,99.41081949651849,97.6968398500268,2.272727272727273,2.4166666666666665,116.6875,18,22,101.33031091925196,104.19072217340687
63,110,94,1,NYK,0.455,0.44,0.28600000000000003,0.333,28,6,21,16,99,19,75,26,11,6,98.05013927576599,83.7883008356546,4.666666666666667,1.3125,112.1875,18,12,102.11122095583764,104.40370126097646
64,116,98,1,PHO,0.484,0.371,0.464,0.214,27,11,19,14,91,19,89,33,11,16,113.33659013190035,95.74987787005377,2.4545454545454546,1.3571428571428572,102.35,18,25,102.89724726857325,104.13396600397088
65,116,100,1,WAS,0.525,0.419,0.333,0.333,24,21,20,19,80,29,86,29,9,12,112.32147179859598,96.82885499878964,1.1428571428571428,1.0526315789473684,103.275,18,10,104.58093448239747,103.57653840579933
66,119,124,0,MIA,0.527,0.595,0.35,0.471,22,12,24,14,93,20,79,28,13,6,110.28730305838738,114.92122335495829,1.8333333333333333,1.7142857142857142,107.9,18,5,105.70264543612741,101.86944870576394
67,110,116,0,ORL,0.5,0.5429999999999999,0.375,0.32,23,16,28,13,80,24,81,25,7,6,110.4002007276377,116.42202985823612,1.4375,2.1538461538461537,99.6375,18,8,106.90357218470722,101.75963739738232
68,98,116,0,ATL,0.448,0.5,0.273,0.462,22,14,32,12,87,17,80,28,9,7,95.43517954960437,112.96409007912355,1.5714285714285714,2.6666666666666665,102.6875,18,14,108.0608217616666,102.36380262609332
69,101,93,0,CHO,0.4370000000000001,0.422,0.5,0.281,19,13,22,11,87,23,83,20,14,8,102.83823342242586,94.692630775105,1.4615384615384617,2.0,98.2125,18,9,107.59650034599818,102.20426431214327
70,91,124,0,CLE,0.395,0.5579999999999999,0.364,0.484,19,16,38,12,81,25,86,17,10,8,94.81635842667362,129.20031258140142,1.1875,3.1666666666666665,95.975,18,15,107.40622518242195,102.30728495438042
71,104,103,1,PHI,0.434,0.394,0.353,0.405,18,16,26,9,76,40,94,15,7,8,110.56478405315615,109.50166112956808,1.125,2.888888888888889,94.0625,18,6,106.10079056453252,104.31937394510538
72,116,105,0,LAL,0.479,0.435,0.385,0.435,31,9,23,11,94,24,85,26,13,7,109.56316410861866,99.17355371900827,3.4444444444444446,2.090909090909091,105.875,18,16,105.62244949044995,106.12284773289309
73,90,105,0,LAC,0.394,0.475,0.241,0.35700000000000004,24,15,24,14,94,13,80,26,20,17,90.66868152625617,105.78012844729885,1.6,1.7142857142857142,99.2625,18,17,105.42457078760957,107.77755933086479
74,88,97,1,DAL,0.443,0.409,0.375,0.344,20,21,23,3,70,19,88,15,6,9,106.56978504389947,117.46896760520737,0.9523809523809524,7.666666666666668,82.575,18,22,104.40607879903482,109.32726447130287
75,109,105,0,MEM,0.487,0.4320000000000001,0.448,0.316,24,14,18,10,78,24,95,27,11,20,125.84788569779188,121.22961466301052,1.7142857142857142,1.8,86.61250000000003,18,24,103.47970372943804,110.2064952773799
76,95,101,0,NOP,0.434,0.444,0.37,0.448,28,13,29,16,83,17,90,9,8,14,102.50876719719449,108.98300512543837,2.1538461538461537,1.8125,92.675,18,28,103.92728216843668,110.9938127051123
77,106,115,1,SAC,0.435,0.466,0.31,0.381,27,10,27,7,92,24,88,31,15,11,105.40708514605345,114.35674331883156,2.7,3.8571428571428568,100.5625,18,27,104.20632959927714,110.80058826569294
78,102,124,1,OKC,0.42,0.529,0.333,0.455,28,13,32,17,88,27,87,24,10,13,98.44372059355771,119.67667993726623,2.1538461538461537,1.8823529411764703,103.6125,18,20,104.83407718787548,111.01680206755802
79,102,98,1,SAS,0.465,0.424,0.273,0.214,21,11,20,10,86,19,85,28,8,8,102.34541577825159,98.33187006145742,1.9090909090909087,2.0,99.6625,18,26,105.62105118902358,111.84788165064877
80,84,100,1,UTA,0.4,0.456,0.222,0.387,18,11,19,9,80,19,79,21,6,11,92.30769230769229,109.8901098901099,1.6363636363636365,2.1111111111111107,91.0,18,21,105.89610011512829,112.39847062875242
81,99,107,0,POR,0.426,0.438,0.28,0.306,24,20,19,15,94,18,89,22,20,13,94.73684210526315,102.39234449760764,1.2,1.2666666666666666,104.5,18,23,105.54901623050456,111.87542732588516
82,107,102,0,NOP,0.446,0.413,0.333,0.158,18,24,31,11,83,33,92,26,11,5,100.45769275906584,95.76340805069827,0.75,2.8181818181818183,106.5125,18,28,104.15698150214763,111.55579048580772
83,113,115,1,POR,0.38,0.459,0.261,0.313,19,17,23,15,100,39,98,21,16,5,94.36325678496868,96.03340292275574,1.1176470588235294,1.5333333333333334,119.75,18,23,102.74368481801146,110.6518511368735
84,102,105,0,TOR,0.407,0.466,0.409,0.25,14,8,16,7,81,35,88,25,11,11,111.17166212534059,114.44141689373299,1.75,2.2857142857142856,91.75,18,2,101.5320738824231,108.83412226216326
85,102,99,0,MIN,0.481,0.398,0.273,0.409,24,20,20,16,81,25,88,25,7,14,101.61892901618928,98.63013698630137,1.2,1.25,100.375,18,29,100.4825915147057,107.17140352826219
86,86,103,0,DET,0.33,0.476,0.28,0.35,15,16,22,13,94,20,84,22,16,9,81.1512149091767,97.1927341354093,0.9375,1.6923076923076923,105.975,18,13,99.17044434886081,105.14581688953986
87,123,107,0,BOS,0.524,0.456,0.478,0.32,21,17,31,11,84,31,90,21,9,11,122.57100149476831,106.6268061783757,1.2352941176470589,2.8181818181818183,100.35,18,3,98.34391630090614,103.73624622277316
88,107,108,0,MEM,0.5,0.512,0.417,0.292,24,22,29,14,70,34,86,19,6,8,114.33150794710829,115.40002671296914,1.0909090909090908,2.071428571428572,93.5875,18,24,99.16055297205575,102.7977174785512
89,101,125,1,GSW,0.404,0.541,0.361,0.467,26,18,33,15,94,17,85,20,17,9,95.02528519346113,117.60555098200636,1.4444444444444444,2.2,106.2875,18,30,100.46976261860715,102.629017404097
90,95,106,1,DET,0.429,0.511,0.36,0.222,15,15,23,9,84,19,90,14,14,11,104.00985356507458,116.05309976734637,1.0,2.555555555555556,91.3375,18,13,101.13878883171914,103.8953583009817
91,105,112,0,POR,0.396,0.394,0.379,0.276,11,18,21,7,91,29,99,32,16,14,101.9541206457094,108.75106202209005,0.6111111111111112,3.0,102.9875,18,23,102.3831606165327,105.18299346150587
92,120,104,1,PHO,0.484,0.494,0.471,0.4,23,14,14,16,93,24,79,29,14,7,109.00420120358805,94.4703077097763,1.6428571428571428,0.875,110.0875,18,25,103.24180736515605,106.80786767584833
93,111,113,1,TOR,0.47,0.457,0.16,0.348,29,19,23,11,83,39,94,31,9,6,103.61726954492417,105.48424737456243,1.5263157894736843,2.090909090909091,107.125,18,2,103.97585442345351,107.89975786602083
94,105,91,1,UTA,0.488,0.388,0.364,0.259,31,8,15,10,86,30,85,23,12,14,111.0083256244218,96.20721554116558,3.875,1.5,94.5875,18,21,104.53959405026472,108.76907097872038
95,110,107,1,CHI,0.43,0.453,0.455,0.333,26,10,22,6,100,17,95,18,17,10,106.99088145896656,104.07294832826747,2.6,3.6666666666666665,102.8125,18,11,104.71477206338028,108.0676494777843
96,83,108,0,UTA,0.318,0.494,0.333,0.308,14,10,19,14,88,31,79,31,14,4,78.50555686923623,102.15180893828327,1.4,1.3571428571428572,105.725,18,21,105.17768388709061,107.59211534564741
97,129,132,1,OKC,0.475,0.5,0.353,0.5,34,16,29,12,101,27,96,29,13,7,109.04480135249365,111.58072696534235,2.125,2.4166666666666665,118.3,18,20,104.8362049941707,106.5545721301873
98,120,114,0,PHO,0.438,0.404,0.448,0.44,21,12,11,11,89,32,89,36,10,9,111.99253383107792,106.39290713952404,1.75,1.0,107.15,18,25,103.79399144128301,105.47744834849627
99,98,106,1,MIA,0.418,0.441,0.318,0.375,28,19,26,6,91,24,93,26,14,11,95.26123936816522,103.03766707168892,1.4736842105263157,4.333333333333333,102.875,18,5,103.46702444301842,104.38450091844638
100,110,128,1,HOU,0.442,0.511,0.29,0.459,22,16,25,11,104,16,88,25,24,10,99.78455607211704,116.11293797482708,1.375,2.272727272727273,110.2375,18,19,103.16376761908568,103.69264982138402
101,98,105,0,UTA,0.446,0.449,0.542,0.36,19,14,20,9,83,14,78,28,7,7,100.53859964093357,107.71992818671455,1.3571428571428572,2.2222222222222223,97.475,18,21,102.51709395249918,104.14155082922066
102,106,98,0,PHI,0.461,0.407,0.37,0.355,17,19,20,17,76,34,86,23,10,12,109.80189045707628,101.51495532824032,0.8947368421052632,1.1764705882352942,96.5375,18,6,102.01474529134386,104.97485470152671
103,111,116,0,BRK,0.4,0.482,0.297,0.34600000000000003,18,17,18,15,105,21,85,31,26,10,96.22886866059818,100.56350238404856,1.0588235294117647,1.2,115.35,18,7,101.84765487203254,105.99330964684057
104,85,92,0,WAS,0.408,0.449,0.219,0.316,24,27,21,18,76,24,78,17,14,8,87.41483481167243,94.61370356086901,0.8888888888888888,1.1666666666666667,97.2375,18,10,101.61310128952864,106.23790849804503
105,121,113,0,ORL,0.5660000000000001,0.489,0.421,0.407,25,12,27,5,83,25,88,24,9,5,125.86139643739435,117.53998179690548,2.083333333333333,5.4,96.1375,18,8,100.71656649063424,106.09796882697266
106,92,112,0,DAL,0.422,0.584,0.28,0.462,19,16,22,9,83,18,77,12,20,8,103.80818053596614,126.37517630465445,1.1875,2.4444444444444446,88.625,18,22,101.5003880235812,106.16013033786429
107,132,120,1,POR,0.512,0.466,0.484,0.348,27,15,22,14,84,35,88,36,5,15,125.28176533396606,113.89251393996916,1.8,1.5714285714285714,105.3625,18,23,102.60944968383383,106.84096514433826
108,127,114,1,NYK,0.556,0.438,0.37,0.348,26,10,18,11,90,29,80,39,11,9,119.08110642287858,106.89170182841069,2.6,1.6363636363636365,106.65,18,12,103.6797843865582,107.24655598778045
109,117,107,1,DAL,0.563,0.5379999999999999,0.52,0.56,32,11,21,12,80,18,80,9,7,4,126.6062491546057,115.78520221831465,2.9090909090909087,1.75,92.4125,18,22,105.24931952776015,108.00996275305917
110,102,119,0,LAC,0.433,0.547,0.282,0.444,22,12,32,12,90,20,86,13,15,5,102.166019782146,119.19368974583698,1.8333333333333333,2.6666666666666665,99.8375,18,17,108.28155794419192,109.45313804939993
111,108,109,1,ATL,0.474,0.43,0.32,0.32,27,15,26,8,78,35,86,33,7,9,110.5990783410138,111.6231438812084,1.8,3.25,97.65,18,14,110.36253237794675,110.80068481716569
112,106,102,0,LAC,0.439,0.464,0.355,0.36,22,14,22,11,82,28,84,20,11,4,107.72357723577237,103.65853658536585,1.5714285714285714,2.0,98.4,18,17,112.34004772695597,112.16710806728959
113,105,103,1,MIN,0.519,0.447,0.35700000000000004,0.28,29,15,29,8,81,14,94,17,8,16,119.50490823730259,117.22862427087776,1.9333333333333331,3.625,87.86250000000003,18,29,113.3096930873951,112.94503105902928
114,122,124,1,PHI,0.464,0.4370000000000001,0.407,0.485,29,10,25,11,84,41,87,40,11,15,121.10683707656038,123.09219506142202,2.9,2.272727272727273,100.7375,18,6,114.48951282024485,113.64987631430262
115,119,127,0,GSW,0.475,0.526,0.257,0.44,33,14,33,13,101,18,95,21,16,12,108.4158979615078,115.70436169001258,2.357142857142857,2.5384615384615383,109.7625,18,30,115.40419399317143,114.45945332965728
116,113,120,1,SAC,0.5,0.523,0.474,0.379,29,14,26,8,82,13,88,18,4,5,117.87716781849001,125.1792932585735,2.071428571428572,3.25,95.8625,18,27,114.32747535611345,114.23570419097797
117,99,127,1,SAS,0.453,0.5670000000000001,0.28,0.5,25,13,34,7,86,17,90,17,11,7,104.12831974756772,133.57875361556663,1.9230769230769231,4.857142857142857,95.075,18,26,114.50900176484053,114.5041402914573
118,106,121,0,OKC,0.404,0.483,0.375,0.333,18,12,23,10,99,24,89,29,15,6,94.568975131036,107.95137727222037,1.5,2.3,112.0875,18,20,113.55847005149559,116.11355556550642
119,140,112,1,IND,0.578,0.468,0.469,0.414,37,15,26,16,90,23,94,13,12,12,137.18765311122,109.750122488976,2.466666666666667,1.625,102.05,18,4,112.40025174761315,117.21575784888869
120,125,112,1,ORL,0.584,0.511,0.333,0.32,33,14,28,14,89,15,88,18,9,7,121.55099064057372,108.90968761395405,2.357142857142857,2.0,102.8375,18,8,112.60491425703457,117.80619476494185
121,127,121,0,LAL,0.568,0.435,0.423,0.3670000000000001,29,17,28,12,88,26,108,18,13,20,131.67444271643342,125.45360290305858,1.7058823529411764,2.333333333333333,96.45,18,16,113.4049135266678,117.84619200249675
122,104,118,0,SAS,0.407,0.512,0.32299999999999995,0.409,27,15,28,7,91,26,86,25,11,6,98.4731920937389,111.72919872174221,1.8,4.0,105.6125,18,26,114.54765642516614,118.30671038683619
123,123,98,1,LAC,0.529,0.417,0.417,0.313,30,10,23,7,87,26,96,8,10,10,131.44536468073738,104.72882714400215,3.0,3.2857142857142856,93.575,18,17,114.83227044980302,118.07769759457729
124,108,111,0,MIN,0.512,0.529,0.292,0.4,26,17,29,14,82,21,85,21,12,8,110.7976404206207,113.87535265452681,1.5294117647058822,2.071428571428572,97.475,18,29,116.0796435869482,116.68295754538842
125,103,93,1,UTA,0.461,0.412,0.385,0.318,28,14,19,11,76,31,85,21,7,8,110.33743974290306,99.62506695232996,2.0,1.7272727272727273,93.35,18,21,116.7537624105751,115.36042756603429
126,127,120,1,PHO,0.512,0.539,0.391,0.417,29,12,21,11,86,35,89,17,19,8,131.81110534509602,124.54592631032696,2.4166666666666665,1.9090909090909087,96.35,18,25,117.47658027608357,113.78102172894081
127,123,112,0,PHO,0.488,0.451,0.32,0.28600000000000003,17,14,20,10,80,42,91,32,9,11,123.52498116997236,112.47803163444637,1.2142857142857142,2.0,99.575,18,25,118.2838116794098,112.93284381290705
128,116,120,0,LAL,0.414,0.528,0.556,0.462,26,11,25,15,99,23,89,18,20,10,108.67783112776672,112.42534254596556,2.363636363636364,1.6666666666666667,106.7375,18,16,119.1308034027453,111.88482847848469
129,99,119,1,MEM,0.4,0.489,0.36,0.467,25,17,28,8,80,35,92,20,11,11,104.69266358228684,125.84269662921349,1.4705882352941178,3.5,94.5625,18,24,119.3773314775207,111.99651742428796
130,121,117,1,MIL,0.449,0.542,0.321,0.375,31,14,26,18,89,44,83,23,18,6,111.09835877424538,107.42568575691496,2.2142857142857144,1.4444444444444444,108.9125,18,1,117.78507482902432,112.72876218674728
131,97,121,0,SAS,0.446,0.57,0.385,0.476,22,21,29,14,92,10,79,26,16,7,91.03707179727829,113.56170811825434,1.0476190476190477,2.071428571428572,106.55,18,26,116.98289919193313,113.05134999603538
132,110,87,1,DAL,0.5,0.43,0.393,0.308,28,15,25,10,84,16,79,17,10,3,112.4313274562412,88.92295898811804,1.8666666666666667,2.5,97.8375,18,22,114.74248447412019,113.14892803801673
133,106,117,0,ATL,0.4,0.505,0.295,0.29600000000000004,25,10,31,10,100,21,93,18,21,12,103.1504683128573,113.85476219438029,2.5,3.1,102.7625,18,14,113.84100262110694,112.60025114353236
134,131,123,0,NYK,0.568,0.5589999999999999,0.5,0.421,30,15,36,10,95,10,93,5,16,10,133.58827278521352,125.4302103250478,2.0,3.6,98.0625,18,12,111.14739126481625,112.54102263218519
135,109,125,0,CLE,0.402,0.5479999999999999,0.324,0.5,23,12,30,15,97,22,84,22,17,8,100.50714615029969,115.26048870447211,1.9166666666666667,2.0,108.45,18,15,110.6702439696128,112.37558482831969
136,132,110,1,GSW,0.545,0.489,0.585,0.25,34,22,25,9,88,16,92,13,14,4,130.1935642954013,108.49463691283444,1.5454545454545454,2.7777777777777777,101.3875,18,30,109.53911834761377,112.39114236662176
137,99,112,1,MIN,0.404,0.477,0.324,0.333,25,14,20,7,94,18,86,28,14,9,95.2610055328362,107.77002646139042,1.7857142857142858,2.8571428571428568,103.925,18,29,109.56111188683585,111.49171536812473
138,100,116,0,SAC,0.443,0.523,0.343,0.5,23,16,26,14,88,14,88,19,10,9,98.68015295423707,114.468977426915,1.4375,1.8571428571428568,101.3375,18,27,109.42985195591783,111.32057934098555
139,129,109,1,BRK,0.505,0.494,0.452,0.333,32,13,27,19,97,24,83,31,11,7,110.19754404698344,93.11265349706352,2.4615384615384617,1.4210526315789471,117.0625,18,7,109.82986454817947,111.56703137182934
140,98,105,1,MEM,0.44,0.45,0.324,0.333,26,12,21,15,84,17,80,25,10,13,102.10992445949469,109.40349049231571,2.1666666666666665,1.4,95.975,18,24,110.30345596043148,110.55143290032561
141,125,107,0,CHI,0.563,0.458,0.433,0.385,26,16,26,12,80,24,96,10,6,11,133.58268768367614,114.34678065722682,1.625,2.1666666666666665,93.575,18,11,109.72645344727802,110.43659662621546
142,110,98,0,MIL,0.488,0.458,0.303,0.5,21,14,26,13,84,20,83,15,14,10,117.255163224517,104.46369087275149,1.5,2.0,93.8125,18,1,110.70496831782526,110.0133536963008
143,102,112,1,CHO,0.45,0.456,0.3,0.593,21,13,25,5,80,25,90,17,11,13,117.2750790457028,128.77263581488933,1.6153846153846154,5.0,86.975,18,9,110.59126277267325,109.81509213668129
144,108,96,1,SAC,0.5,0.434,0.433,0.375,28,17,20,15,74,28,83,21,7,11,116.5834570233437,103.62973957630551,1.6470588235294117,1.3333333333333333,92.6375,18,27,111.30378564328034,109.7403103069589
145,113,123,1,WAS,0.529,0.568,0.464,0.423,31,16,31,11,87,17,88,19,10,8,112.94352823588206,122.93853073463268,1.9375,2.8181818181818183,100.05,18,10,111.60155203255819,109.0358994549567
146,119,99,1,BOS,0.529,0.42,0.387,0.364,24,18,19,18,85,22,81,23,11,9,114.76793248945148,95.47920433996384,1.3333333333333333,1.0555555555555556,103.6875,18,3,113.31396764383992,109.95458245295083
147,105,92,0,SAC,0.471,0.439,0.265,0.348,21,9,24,12,85,18,82,20,9,10,110.49723756906076,96.81662720336752,2.333333333333333,2.0,95.025,18,27,113.99008859837946,110.26541221208711
148,129,101,1,LAL,0.536,0.433,0.447,0.3,36,15,17,16,84,25,97,19,6,16,130.3688731682668,102.07175341081354,2.4,1.0625,98.95,18,16,115.35127073956855,110.1845531962428
149,129,114,1,LAC,0.535,0.524,0.536,0.5,31,10,26,9,86,26,84,15,11,4,131.98618749200665,116.63895638828492,3.1,2.888888888888889,97.7375,18,17,116.69858165338808,109.49221304866366
150,105,109,1,HOU,0.4270000000000001,0.458,0.32299999999999995,0.208,28,13,20,14,89,30,83,35,13,10,98.64944216089256,102.40751614797415,2.1538461538461537,1.4285714285714286,106.4375,18,19,117.68160166731163,109.58165531702336
151,124,125,0,HOU,0.512,0.506,0.414,0.447,26,19,27,12,86,26,89,23,8,6,116.82958426569309,117.77175833235191,1.368421052631579,2.25,106.1375,18,19,117.65711325983791,108.29014317764351
152,126,113,1,CLE,0.531,0.506,0.423,0.405,35,6,22,10,96,13,85,14,10,7,123.63547160554397,110.87943088433704,5.833333333333332,2.2,101.9125,18,15,117.11371190819955,107.60388580555973
153,125,117,0,IND,0.476,0.505,0.259,0.542,23,13,19,12,82,43,95,11,11,11,129.76901116013494,121.46379444588635,1.7692307692307692,1.5833333333333333,96.325,18,4,117.60759033551535,107.51806468779749
154,90,115,1,NOP,0.379,0.495,0.24,0.333,21,9,29,9,95,14,97,12,7,10,88.51733464470124,113.10548315711826,2.333333333333333,3.2222222222222223,101.675,18,28,118.41638407836474,107.69177832326311
155,113,122,0,POR,0.468,0.495,0.3,0.29600000000000004,23,12,15,9,94,20,91,33,12,15,109.08652105707735,117.7748280439242,1.9166666666666667,1.6666666666666667,103.5875,18,23,117.46893863879399,109.10282377119397
156,114,122,0,CHO,0.5,0.465,0.485,0.472,32,13,26,6,90,11,86,30,10,10,114.8759289583071,122.93739765713569,2.4615384615384617,4.333333333333333,99.2375,18,9,116.74718870324008,110.29610290383802
157,116,113,0,MIA,0.506,0.483,0.25,0.481,25,8,26,10,87,27,87,21,6,7,114.9653121902874,111.99207135777998,3.125,2.6,100.9,18,5,115.80729201303568,112.74145205786262
158,134,131,0,NOP,0.535,0.51,0.433,0.438,31,10,30,7,99,21,100,17,15,10,128.8151886565729,125.93126652247057,3.1,4.285714285714286,104.025,18,28,114.8691745184689,114.38681544030581
159,104,110,0,HOU,0.394,0.425,0.184,0.294,26,12,19,16,104,18,87,38,12,11,86.81135225375625,91.81969949916528,2.1666666666666665,1.1875,119.8,18,19,114.08385084129574,116.03750022197725
160,122,106,1,NOP,0.551,0.475,0.406,0.13,31,21,19,11,78,32,99,13,11,10,129.52886529528863,112.54147312541474,1.4761904761904765,1.7272727272727273,94.1875,18,28,112.13978643157742,115.56724260268479
161,105,106,1,OKC,0.476,0.417,0.324,0.24,22,12,19,12,84,15,96,22,4,18,111.95521791283487,113.02145808343329,1.8333333333333333,1.5833333333333333,93.7875,18,20,112.98222752732377,115.70582477359696
162,109,91,0,DAL,0.488,0.398,0.429,0.3,31,16,24,13,84,14,88,11,10,8,114.21087098886706,95.35036018336606,1.9375,1.8461538461538465,95.4375,18,22,112.77369070206005,114.89518151333704
163,111,105,0,OKC,0.459,0.426,0.28,0.32,22,15,20,12,85,32,101,17,5,14,110.29685753322569,104.33486523413241,1.4666666666666666,1.6666666666666667,100.6375,18,20,112.69259615682871,113.2890533258288
164,96,106,0,UTA,0.468,0.506,0.481,0.375,21,20,28,15,77,12,81,16,7,6,101.42630744849446,111.99154780771259,1.05,1.8666666666666667,94.65,18,21,112.48385038112589,111.28410013782067
165,96,79,1,SAC,0.435,0.365,0.333,0.364,25,16,15,13,85,20,85,13,18,12,103.96642750778393,85.5557059699472,1.5625,1.1538461538461535,92.3375,18,27,113.04490745016403,109.88419135683989
166,104,109,1,WAS,0.488,0.44,0.348,0.3,27,23,24,15,80,23,84,28,9,10,102.34961249846229,107.27026694550376,1.173913043478261,1.6,101.6125,18,10,112.31076991580419,107.36516818759831
167,93,110,0,CHO,0.38,0.469,0.258,0.419,18,13,17,14,100,15,81,26,18,10,85.13559903879163,100.6980203684632,1.3846153846153846,1.2142857142857142,109.2375,18,9,110.98822300430304,105.56501980790235
168,105,100,0,ATL,0.462,0.416,0.2,0.424,25,11,23,12,91,23,89,12,11,11,105.19724483406387,100.18785222291795,2.272727272727273,1.9166666666666667,99.8125,18,14,108.61470132542432,104.19854158206738
169,124,111,0,BRK,0.5,0.406,0.55,0.387,23,6,24,15,94,22,96,31,4,17,116.33634337985224,104.13979125131935,3.8333333333333335,1.6,106.5875,18,7,106.24454242517545,102.59792869611101
170,110,116,0,NYK,0.412,0.5,0.439,0.406,20,13,27,22,85,31,82,23,13,11,106.46019840309704,112.26711831599323,1.5384615384615383,1.2272727272727273,103.325,18,12,105.81153964788415,102.51503495619588
171,129,111,1,TOR,0.534,0.494,0.5,0.355,35,12,20,13,88,29,85,25,9,9,123.65204888569374,106.39827462257368,2.9166666666666665,1.5384615384615383,104.325,18,2,103.9286269765381,102.24159083851868
172,95,94,1,MIA,0.45,0.468,0.391,0.405,17,17,23,23,80,25,77,11,13,8,96.88934217236105,95.86945436002041,1.0,1.0,98.05,18,5,104.26758147826787,102.29721215697126
173,108,127,1,GSW,0.46,0.5489999999999999,0.25,0.45,26,17,38,13,87,27,91,17,9,7,103.39875538535185,121.5892771661082,1.5294117647058822,2.9230769230769234,104.45,18,30,104.30895278454723,102.7569547140066
174,112,104,1,BRK,0.473,0.4270000000000001,0.265,0.314,26,19,22,25,93,20,89,22,9,8,96.15797381412321,89.28954711311441,1.368421052631579,0.88,116.475,18,7,105.01912549162564,103.94345406834418
175,102,94,1,OKC,0.463,0.422,0.333,0.3670000000000001,27,18,16,16,82,22,90,14,14,18,111.41452758055703,102.67613326051337,1.5,1.0,91.55,18,20,105.60579185796207,103.81836824112129
176,125,107,1,ORL,0.529,0.471,0.414,0.355,29,12,24,12,87,27,87,20,13,8,125.42330364981815,107.3623479242443,2.4166666666666665,2.0,99.6625,18,8,106.2295183139209,104.69188955792323
177,82,99,0,POR,0.35700000000000004,0.521,0.281,0.333,13,20,22,21,84,15,73,18,12,8,80.12703065836081,96.73873213631369,0.65,1.0476190476190477,102.3375,18,23,107.28446811599727,104.62937062337586
178,146,114,1,NOP,0.629,0.527,0.514,0.364,37,14,32,13,89,21,91,10,13,8,146.93672160020128,114.73141275632156,2.642857142857143,2.4615384615384617,99.3625,18,28,106.86623077722504,104.22714876515504
179,109,127,0,LAL,0.429,0.53,0.419,0.375,18,20,36,15,84,35,100,16,17,13,110.53365445557108,128.78691849410572,0.9,2.4,98.6125,18,16,108.12020859647282,104.38237847296907
180,114,98,0,SAC,0.488,0.477,0.469,0.4,18,13,18,12,86,20,86,9,14,5,118.88932342588973,102.2031025941859,1.3846153846153846,1.5,95.8875,18,27,108.5019097395896,105.34735339806682
181,95,125,0,HOU,0.402,0.5489999999999999,0.303,0.439,19,19,30,18,87,23,82,23,15,8,90.54086252084824,119.13271384322135,1.0,1.6666666666666667,104.925,18,19,110.0607221746147,105.65310979871249
182,104,92,1,MEM,0.506,0.493,0.281,0.375,24,21,28,18,79,26,73,16,15,3,104.54888162854988,92.48554913294798,1.1428571428571428,1.5555555555555556,99.475,18,24,110.11373333394918,107.20681696198865
183,77,106,0,UTA,0.359,0.483,0.206,0.438,13,17,24,11,78,16,87,9,12,9,88.06290207290922,121.22944960686205,0.7647058823529411,2.1818181818181817,87.4375,18,21,111.10897502218847,108.14589403176149
184,111,110,1,CHI,0.458,0.537,0.387,0.375,22,12,25,11,83,31,82,21,11,6,112.8622267412303,111.84544992374174,1.8333333333333333,2.272727272727273,98.35,18,11,110.28241208404165,109.05255332612742
185,115,100,1,LAL,0.46,0.442,0.387,0.3,26,12,21,21,87,28,86,21,9,17,112.5933178313548,97.90723289683027,2.1666666666666665,1.0,102.1375,18,16,109.68375279502489,110.57211380529758
186,105,122,0,DAL,0.418,0.57,0.389,0.462,25,7,26,7,91,23,86,17,15,5,107.69230769230771,125.12820512820512,3.571428571428572,3.7142857142857135,97.5,18,22,108.23981556000837,110.46333510714598
187,114,123,0,NOP,0.436,0.535,0.457,0.387,22,9,28,11,94,22,86,29,10,11,107.94176825659842,116.46348680317196,2.4444444444444446,2.5454545454545454,105.6125,18,28,106.46047367575254,110.9132536377617
188,103,89,0,ORL,0.494,0.398,0.28600000000000003,0.238,21,12,18,14,85,16,83,23,6,11,104.29059612707256,90.11517529426656,1.75,1.2857142857142858,98.7625,18,8,106.60664295834187,111.50333951207458
189,116,126,0,IND,0.453,0.527,0.405,0.4,24,21,24,11,95,16,93,22,19,11,110.449892882647,119.97143537253037,1.1428571428571428,2.1818181818181817,105.025,18,4,104.87180411933589,110.42253942103912
190,103,84,0,DET,0.506,0.354,0.333,0.36,27,17,17,20,79,14,79,22,6,11,105.58687852383392,86.10968733982573,1.5882352941176472,0.85,97.55,18,13,105.44469275758121,110.08913073463992
191,118,124,0,BOS,0.495,0.595,0.321,0.44,22,15,29,13,91,26,79,24,20,4,112.51489868891537,118.23599523241955,1.4666666666666666,2.230769230769231,104.875,18,3,105.76853352814771,109.3540703251293
192,117,111,1,NOP,0.46,0.473,0.444,0.441,30,15,27,19,100,14,91,14,11,7,102.0497165285652,96.81639773222851,2.0,1.4210526315789471,114.65,18,28,107.20955021378383,108.82589783238188
193,94,95,0,OKC,0.43,0.481,0.324,0.292,21,11,13,10,86,12,81,15,8,6,98.00599504756941,99.04861201616056,1.9090909090909087,1.3,95.9125,18,20,107.42152267497971,108.23225666110291
194,104,112,1,MIN,0.5,0.494,0.464,0.333,27,21,28,8,72,24,87,19,8,8,117.2326335071157,126.2505283922784,1.2857142857142858,3.5,88.7125,18,29,107.58853060785867,106.41842980968829
195,102,85,0,POR,0.494,0.422,0.28,0.273,19,14,15,9,85,15,83,16,16,10,112.2575319851424,93.547943320952,1.3571428571428572,1.6666666666666667,90.8625,18,23,107.37964463731012,106.28765651530554
196,96,81,0,GSW,0.463,0.381,0.25,0.111,25,18,25,16,82,15,84,17,10,11,99.8959417273673,84.2872008324662,1.3888888888888888,1.5625,96.1,18,30,107.29952172284015,105.74435365805996
197,107,83,1,UTA,0.481,0.321,0.3670000000000001,0.28600000000000003,23,9,19,7,81,22,84,23,10,12,120.64834390415785,93.58703312191685,2.555555555555556,2.7142857142857144,88.6875,18,21,107.04857262360913,103.87240528583848
198,125,128,0,MIN,0.462,0.522,0.385,0.414,26,9,27,6,91,31,90,30,11,7,120.20675561966586,123.0917177545378,2.888888888888889,4.5,103.9875,18,29,107.66977419239922,102.593919161304
199,102,107,1,PHI,0.402,0.484,0.219,0.333,18,13,34,13,87,34,93,10,10,7,100.04904364884749,104.95340853359491,1.3846153846153846,2.6153846153846154,101.95,18,6,108.75737930763353,103.21900459043343
200,134,111,1,PHO,0.622,0.424,0.444,0.371,35,20,26,12,82,22,92,28,8,14,135.52465233881165,112.2629582806574,1.75,2.1666666666666665,98.875,18,25,109.05213076945346,102.35769247432742
201,99,91,1,UTA,0.442,0.452,0.4,0.364,24,10,26,17,86,15,84,6,4,8,100.52037060540677,92.39751237466685,2.4,1.5294117647058822,98.4875,18,21,111.00074035600957,103.2425635582489
202,98,106,0,SAC,0.461,0.447,0.382,0.36,20,25,21,9,76,21,94,17,8,10,105.34802472453642,113.94786347755979,0.8,2.333333333333333,93.025,18,27,111.58644742918624,102.515865712043
203,114,124,0,GSW,0.495,0.565,0.421,0.433,30,11,33,16,95,16,85,21,13,10,107.7632045373981,117.21611721611723,2.727272727272727,2.0625,105.7875,18,30,112.34258729381627,103.62872464356317
204,97,110,1,ATL,0.4,0.5,0.243,0.444,27,12,25,16,95,20,80,18,14,6,89.79402915991669,101.82828049062715,2.25,1.5625,108.025,18,14,112.75157003800643,105.02770408083553
205,87,78,1,MEM,0.386,0.39,0.318,0.292,15,14,17,14,70,32,77,14,12,8,102.44333235207534,91.84574624668824,1.0714285714285714,1.2142857142857142,84.92500000000003,18,24,111.19810124127673,105.17163318624614
206,80,112,0,SAS,0.349,0.519,0.25,0.519,18,15,23,15,83,17,79,18,11,6,81.78913738019169,114.50479233226837,1.2,1.5333333333333334,97.8125,18,26,109.70579383691938,105.82591189202353
207,105,102,1,DAL,0.465,0.487,0.308,0.29600000000000004,23,18,17,16,86,26,78,22,15,5,100.57471264367815,97.70114942528735,1.2777777777777777,1.0625,104.4,18,22,107.20294404331547,106.93643505461763
208,104,109,0,LAC,0.433,0.46,0.2,0.333,23,19,22,20,97,18,87,31,20,17,94.85805495382509,99.41853836506672,1.2105263157894737,1.1,109.6375,18,17,104.22207740804073,106.62656389688908
209,100,108,1,PHO,0.449,0.494,0.389,0.424,23,16,28,11,78,21,81,20,7,4,104.45227836532185,112.8084606345476,1.4375,2.5454545454545454,95.7375,18,25,101.26100000606931,105.17220931374466
210,104,101,1,POR,0.41,0.424,0.333,0.32,23,15,19,11,83,33,85,26,14,11,106.65299320599924,103.5764645558262,1.5333333333333334,1.7272727272727273,97.5125,18,23,99.69883197488274,104.98809700308757
211,130,118,1,NYK,0.6,0.5489999999999999,0.5,0.381,36,13,32,10,80,24,82,24,2,3,129.4820717131474,117.52988047808763,2.769230769230769,3.2,100.4,18,12,97.81199129454741,104.3805284594318
212,91,89,1,DAL,0.42,0.4,0.364,0.355,23,14,17,8,81,15,85,19,9,8,99.37209937209936,97.18809718809722,1.6428571428571428,2.125,91.575,18,22,99.23185308362015,105.19894090976125
213,110,111,1,BOS,0.452,0.473,0.303,0.472,31,10,28,9,93,21,91,10,15,10,112.97984336885351,114.00693285402491,3.1,3.111111111111111,97.3625,18,3,100.27278955366765,104.77146678995439
214,104,106,0,SAS,0.465,0.5,0.435,0.375,22,13,33,16,86,14,92,5,10,13,111.21507819810186,113.35382970191151,1.6923076923076923,2.0625,93.5125,18,26,102.27264672654367,105.19787684993861
215,127,124,1,OKC,0.515,0.52,0.395,0.321,32,11,34,7,97,17,98,17,9,9,120.86604806090887,118.01094456340708,2.9090909090909087,4.857142857142857,105.075,18,20,105.01714164673226,106.404073597484
216,115,108,1,GSW,0.429,0.5,0.414,0.258,28,15,28,13,91,29,86,23,16,11,110.73663938372653,103.99614829080406,1.8666666666666667,2.1538461538461537,103.85,18,30,107.54209720952488,108.11399960233761
217,121,104,1,CHO,0.568,0.506,0.529,0.423,30,11,21,10,81,13,77,24,5,5,126.984126984127,109.14338187065461,2.727272727272727,2.1,95.2875,18,9,110.05292204378583,108.49827070690384
218,104,130,0,HOU,0.477,0.5,0.107,0.463,25,10,26,11,88,21,86,34,7,11,101.40158439975625,126.75198049969532,2.5,2.363636363636364,102.5625,18,19,112.08404985668206,109.51732881158617
219,123,113,0,PHO,0.511,0.5479999999999999,0.448,0.368,20,13,24,15,88,22,84,25,6,8,115.86012009890499,106.44059813964441,1.5384615384615383,1.6,106.1625,18,25,113.07472568979458,110.99298879529915
220,117,109,1,SAS,0.495,0.537,0.313,0.273,29,11,24,18,93,18,82,22,11,10,109.85915492957749,102.34741784037556,2.636363636363636,1.3333333333333333,106.5,18,26,113.81825682028196,111.29768235218226
221,134,123,0,MIL,0.5529999999999999,0.5329999999999999,0.6,0.34600000000000003,37,18,27,16,85,20,92,22,8,11,130.763600878263,120.02927543303244,2.055555555555556,1.6875,102.475,18,1,114.02163576357792,111.54465348122001
222,122,119,1,SAS,0.495,0.506,0.375,0.313,33,11,28,7,97,19,85,39,18,11,115.88696271669436,113.0372833056281,3.0,4.0,105.275,18,26,114.28689796107669,111.78971902077123
223,114,119,1,HOU,0.484,0.506,0.345,0.429,33,13,18,18,91,24,77,32,12,11,105.26315789473685,109.87996306555864,2.5384615384615383,1.0,108.3,18,19,115.23697411049342,112.42974528528964
224,120,122,1,LAC,0.494,0.517,0.32299999999999995,0.269,27,20,26,18,87,30,89,31,11,13,110.61182163843763,112.45535199907823,1.35,1.4444444444444444,108.4875,18,17,115.09285893067819,112.20027935853291
225,108,102,0,MEM,0.5479999999999999,0.44,0.273,0.37,18,22,26,20,73,26,91,15,6,17,117.08903645480416,110.58408998509285,0.8181818181818182,1.3,92.2375,18,24,115.02574816186386,112.11593157514196
226,126,117,0,CLE,0.547,0.523,0.5429999999999999,0.375,35,9,25,9,86,15,88,21,6,12,133.262823902697,123.74405076679008,3.888888888888889,2.7777777777777777,94.55,18,15,114.80454280172812,111.86212086211978
227,107,118,0,DAL,0.413,0.478,0.306,0.556,23,14,24,15,92,26,90,23,11,9,98.9480984857242,109.12033290949024,1.6428571428571428,1.6,108.1375,18,22,115.70316428806865,112.67275884320924
228,108,113,1,CLE,0.488,0.506,0.37,0.448,22,21,25,10,86,18,87,18,14,7,108.48819688598694,113.51079859367151,1.0476190476190477,2.5,99.55,18,15,114.88418433288481,112.81967601513912
229,125,116,1,LAL,0.506,0.489,0.484,0.4,30,12,25,15,83,30,92,16,7,12,127.64871074802143,118.45800357416391,2.5,1.6666666666666667,97.925,18,16,115.02573929054202,112.63660882366084
230,130,104,1,SAC,0.562,0.429,0.405,0.194,38,7,25,3,89,21,91,26,8,7,133.11148086522465,106.48918469217972,5.428571428571429,8.333333333333334,97.6625,18,27,115.2440164793603,113.47332418952344
231,103,112,0,LAL,0.442,0.444,0.325,0.375,26,19,20,15,86,19,90,25,5,12,98.1419723677942,106.7174845164364,1.368421052631579,1.3333333333333333,104.95,18,16,116.23328656021835,113.79495760232841
232,120,113,1,DET,0.506,0.478,0.429,0.519,26,15,30,11,85,28,92,17,10,9,120.98298676748584,113.92564587271579,1.7333333333333334,2.727272727272727,99.1875,18,13,115.46530475471178,113.24314801657005
233,94,101,0,MEM,0.368,0.407,0.273,0.406,17,7,21,11,87,29,81,28,18,14,100.49445409595086,107.97808365628758,2.4285714285714284,1.9090909090909087,93.5375,18,24,116.07521536963009,113.07318045864837
234,141,149,0,MIA,0.46,0.5489999999999999,0.474,0.556,23,13,36,11,100,37,102,27,11,7,119.28934010152284,126.05752961082909,1.7692307692307692,3.272727272727273,118.2,18,5,116.00045637535975,112.6048354695408
235,135,102,0,CHI,0.614,0.438,0.5710000000000001,0.342,34,17,29,15,83,16,89,14,8,9,138.2842509603073,104.48143405889886,2.0,1.9333333333333331,97.625,18,11,115.96439785694957,112.72593487739671
236,108,100,0,WAS,0.435,0.475,0.5,0.5,25,10,28,17,85,18,80,14,7,8,109.53346855983774,101.41987829614605,2.5,1.6470588235294117,98.6,18,10,116.52058540511605,112.29521007257686
237,104,123,0,PHI,0.429,0.505,0.344,0.448,27,15,35,17,84,34,91,25,9,14,101.45104255578586,119.98536763809292,1.8,2.0588235294117645,102.5125,18,6,115.87086182064382,111.31926813396336
238,110,114,0,TOR,0.472,0.511,0.433,0.382,26,11,33,9,89,14,92,9,10,9,115.83519810451493,120.04738712649728,2.363636363636364,3.6666666666666665,94.9625,18,2,116.00976463345116,111.62792248650895
239,126,125,0,OKC,0.521,0.417,0.333,0.455,27,15,25,8,94,21,108,27,12,18,123.65063788027477,122.66928361138369,1.8,3.125,101.9,18,20,115.97833630723612,111.95806616932094
240,128,125,1,MIL,0.444,0.45,0.306,0.364,27,17,27,9,90,46,100,27,17,11,120.37145879863644,117.55025273304337,1.5882352941176472,3.0,106.3375,18,1,115.70412132555555,112.5344125705955
241,107,104,1,IND,0.461,0.488,0.313,0.474,31,16,23,13,89,20,84,16,13,6,104.33934666016577,101.41394441735737,1.9375,1.7692307692307692,102.55,18,4,115.50209792685735,113.60179367116025
242,100,96,1,MIN,0.393,0.429,0.306,0.25,21,10,22,8,89,22,91,16,13,12,105.79211848717269,101.56043374768579,2.1,2.75,94.525,18,29,115.81210500736914,113.9585690780951
243,134,115,0,LAC,0.624,0.494,0.414,0.353,36,7,25,10,85,23,87,34,7,15,139.52882988415985,119.7448913184954,5.142857142857143,2.5,96.0375,18,17,114.94076143145402,113.69715449143477
244,88,82,1,POR,0.373,0.33,0.231,0.212,22,12,10,17,83,26,94,18,10,18,93.66684406599256,87.28046833422036,1.8333333333333333,0.5882352941176471,93.95,18,23,116.06057979616911,113.97161477056972
245,106,112,0,MIN,0.456,0.472,0.406,0.391,19,12,24,8,90,18,89,25,10,8,104.73014696801285,110.65826849450413,1.5833333333333333,3.0,101.2125,18,29,114.90635479567308,112.0175325759867
246,107,98,0,LAC,0.379,0.398,0.333,0.28600000000000003,20,10,21,12,87,42,88,24,14,9,104.72229018840223,95.91387325666749,2.0,1.75,102.175,18,17,113.45061390926078,111.12698159304209
247,119,91,1,PHO,0.506,0.377,0.321,0.282,28,18,20,19,85,29,77,35,9,10,108.97435897435896,83.33333333333333,1.5555555555555556,1.0526315789473684,109.2,18,25,112.84487978965058,109.33351703616948
248,100,98,1,GSW,0.407,0.456,0.188,0.241,21,8,22,18,86,42,79,24,13,6,95.07962918944617,93.17803660565724,2.625,1.2222222222222223,105.175,18,30,112.197111335031,106.08786692051038
249,126,112,1,SAC,0.515,0.523,0.3670000000000001,0.419,31,12,29,16,99,15,86,20,15,9,115.26586620926243,102.45854774156662,2.583333333333333,1.8125,109.3125,18,27,110.18200165496205,103.14346099324933
250,114,121,0,LAL,0.5,0.5,0.261,0.345,22,19,27,13,92,20,92,23,10,9,104.8637461193515,111.30274807404852,1.1578947368421053,2.0769230769230766,108.7125,18,16,108.68686465052464,100.7146700893519
251,116,111,1,NOP,0.452,0.524,0.314,0.458,28,13,28,22,93,23,82,20,9,7,102.91671287567928,98.48064766552069,2.1538461538461537,1.2727272727272727,112.7125,18,28,107.30389966599917,99.38991531267675
252,108,107,0,CHI,0.455,0.424,0.269,0.471,24,16,27,13,99,18,92,18,17,10,99.49332105020729,98.5720865960387,1.5,2.0769230769230766,108.55,18,11,106.59902214176006,98.7379316183158
253,110,91,0,CLE,0.482,0.41,0.385,0.278,22,12,18,13,85,21,83,19,14,13,117.64705882352942,97.32620320855615,1.8333333333333333,1.3846153846153846,93.5,18,15,105.77685029847245,98.48146780756275
254,103,88,1,UTA,0.494,0.407,0.321,0.194,32,17,22,12,83,19,81,24,8,10,104.3434215524883,89.14777763707737,1.8823529411764703,1.8333333333333333,98.7125,18,21,104.93558327122209,98.04455834007639
255,115,107,1,BOS,0.456,0.506,0.382,0.29,25,13,22,12,90,28,87,12,15,7,113.86138613861384,105.94059405940595,1.9230769230769231,1.8333333333333333,101.0,18,3,105.62767761947707,98.52305439297538
256,87,89,0,MEM,0.39,0.429,0.25,0.381,19,16,19,17,82,19,70,25,13,8,88.36973082783139,90.401218892839,1.1875,1.1176470588235294,98.45,18,24,106.23365129081931,98.60790295999938
257,110,112,1,BRK,0.46,0.409,0.278,0.364,20,12,21,8,87,34,88,42,15,12,108.32102412604628,110.29049729197438,1.6666666666666667,2.625,101.55,18,7,105.83680430224784,98.50332360341103
258,114,121,1,MIL,0.461,0.5710000000000001,0.474,0.5,27,10,27,12,89,20,84,13,10,5,113.61654416344835,120.592998629625,2.7,2.25,100.3375,18,1,105.79624341101051,99.22683585612239
259,99,109,1,HOU,0.5,0.5489999999999999,0.44,0.35100000000000003,27,16,23,14,76,16,71,26,7,6,104.78962688541945,115.37443768192644,1.6875,1.6428571428571428,94.475,18,19,106.36576151173035,100.17666043010881
260,138,93,1,ATL,0.564,0.348,0.419,0.214,34,15,20,19,94,25,92,27,11,15,125.05663797009515,84.27729950158587,2.2666666666666666,1.0526315789473684,110.35,18,14,105.91409936320927,101.30738776979977
261,115,125,0,NOP,0.484,0.483,0.385,0.4,30,13,29,11,95,13,87,34,10,10,106.32150699179476,115.56685542586386,2.3076923076923075,2.636363636363636,108.1625,18,28,106.85769329448074,101.4712371985258
262,98,104,0,MIL,0.426,0.455,0.293,0.306,30,17,21,15,94,9,88,22,13,13,93.90346149239427,99.65265301233678,1.7647058823529411,1.4,104.3625,18,1,107.47864798204975,103.3127994478251
263,103,101,0,MIN,0.472,0.443,0.4,0.281,29,13,24,17,89,6,79,26,9,8,99.90300678952472,97.9631425800194,2.230769230769231,1.4117647058823528,103.1,18,29,107.66943806243677,104.41065415239437
264,112,87,1,ORL,0.473,0.405,0.321,0.25,33,11,24,13,93,17,79,19,12,4,106.11084793936523,82.42539081004261,3.0,1.8461538461538465,105.55,18,8,107.21695125757618,104.92351813017058
265,105,98,0,OKC,0.411,0.359,0.333,0.231,26,14,22,10,95,24,103,23,15,19,103.7934017051773,96.87384159149885,1.8571428571428568,2.2,101.1625,18,20,107.21417930538021,104.2457970739413
266,117,85,1,LAL,0.485,0.391,0.36,0.14300000000000002,28,11,19,12,97,15,87,18,16,8,112.13609680124594,81.4663951120163,2.5454545454545454,1.5833333333333333,104.3375,18,16,106.47449746024773,102.70098409771649
267,113,112,0,POR,0.46,0.529,0.467,0.273,28,11,19,14,87,26,85,21,13,12,115.11524258245258,114.09652362154593,2.5454545454545454,1.3571428571428572,98.1625,18,23,106.66524801586142,100.57980455946532
268,106,103,0,TOR,0.449,0.46,0.393,0.268,32,20,28,17,89,24,87,12,15,7,100.9043312708234,98.04854831032841,1.6,1.6470588235294117,105.05,18,2,106.33351014333371,98.85797827975213
269,124,118,0,ORL,0.5489999999999999,0.474,0.579,0.408,34,10,30,9,82,37,95,8,4,6,127.58842443729904,121.41479099678455,3.4,3.333333333333333,97.1875,18,8,105.74376548862428,96.92215728678019
270,107,113,0,CHO,0.386,0.384,0.229,0.371,24,9,20,9,101,26,86,38,20,13,98.4360625574977,103.95584176632934,2.6666666666666665,2.2222222222222223,108.7,18,9,106.97452517617539,97.04802452383866
271,98,106,0,ATL,0.371,0.43,0.25,0.35700000000000004,28,15,33,18,97,21,93,16,11,9,87.27596571301348,94.40053434264723,1.8666666666666667,1.8333333333333333,112.2875,18,14,106.96332525260048,98.49641345225027
272,105,99,1,MEM,0.506,0.5,0.321,0.333,22,13,22,14,77,23,74,17,11,6,114.75409836065573,108.19672131147541,1.6923076923076923,1.5714285714285714,91.5,18,24,107.02859863251726,98.9575035188445
273,109,98,1,OKC,0.506,0.411,0.324,0.368,29,20,14,13,83,15,90,29,12,19,115.40497617787187,103.75860243515088,1.45,1.0769230769230769,94.45,18,20,107.90302778225231,100.7885947141264
274,95,86,1,TOR,0.424,0.398,0.333,0.2,21,8,13,11,85,16,88,14,10,13,105.40915395284328,95.42302357836338,2.625,1.181818181818182,90.125,18,2,108.22285756210945,102.37123300134022
275,126,118,1,DAL,0.556,0.465,0.414,0.405,33,15,26,8,90,18,86,30,12,6,121.27045235803658,113.57074109720884,2.2,3.25,103.9,18,22,107.81989671164256,103.5417142959241
276,111,132,0,LAC,0.423,0.5760000000000001,0.29,0.5,21,9,28,15,97,25,92,17,13,13,104.74168435951876,124.5576786978061,2.333333333333333,1.8666666666666667,105.975,18,17,108.22568139856953,104.25632950003592
277,103,111,0,SAS,0.389,0.467,0.45,0.313,29,12,29,10,90,23,90,22,11,7,100.30432136335972,108.09494826536823,2.4166666666666665,2.9,102.6875,18,26,108.10384405001487,105.82740647978157
278,102,99,1,SAS,0.459,0.449,0.345,0.29600000000000004,29,20,23,10,85,17,89,20,16,12,107.6091256758539,104.44415139126993,1.45,2.3,94.7875,18,26,107.92281174631063,105.93993434738545
279,122,118,0,PHO,0.5529999999999999,0.5379999999999999,0.514,0.379,31,21,29,13,76,26,91,14,10,12,133.33333333333331,128.96174863387978,1.4761904761904765,2.230769230769231,91.5,18,25,108.43530892902145,106.79561185465
280,115,108,1,NYK,0.463,0.452,0.353,0.407,36,8,28,8,95,23,93,18,16,15,118.26712945108628,111.06826070188973,4.5,3.5,97.2375,18,12,109.16763078114322,108.14261338351322
281,117,113,0,SAC,0.461,0.5,0.359,0.419,24,14,25,8,89,30,90,15,16,7,117.95841209829868,113.92564587271579,1.7142857142857142,3.125,99.1875,18,27,110.73091716975131,109.84835441596752
282,123,110,1,CHO,0.461,0.476,0.359,0.379,30,7,22,17,102,20,82,26,17,12,111.38781978718588,99.61512338691419,4.285714285714286,1.2941176470588236,110.425,18,9,112.55151142736314,111.74592645293208
283,113,125,0,HOU,0.473,0.5,0.241,0.468,26,14,28,15,93,21,76,34,14,4,101.28851540616245,112.04481792717087,1.8571428571428568,1.8666666666666667,111.5625,18,19,113.1922701917426,112.159213380107
284,103,99,0,MIA,0.471,0.458,0.333,0.258,32,16,24,6,87,17,83,25,15,9,107.31961448293829,103.15186246418341,2.0,4.0,95.975,18,5,113.43354265105013,112.64578701648698
285,121,100,1,LAC,0.505,0.4370000000000001,0.393,0.25,29,9,21,12,99,13,87,26,15,8,112.80736510896169,93.22922736277822,3.2222222222222223,1.75,107.2625,18,17,113.80504853598643,112.49136181578741
286,93,102,0,PHO,0.386,0.413,0.32299999999999995,0.308,25,15,29,9,88,22,92,25,13,14,95.22590554204531,104.44131575579165,1.6666666666666667,3.2222222222222223,97.6625,18,25,113.3629160654021,110.71374069717842
287,116,113,1,POR,0.556,0.455,0.409,0.353,21,11,25,9,81,20,88,22,4,8,122.13740458015268,118.9786785996315,1.9090909090909087,2.7777777777777777,94.975,18,23,112.30250922136827,108.70965941305717
288,111,142,1,GSW,0.457,0.6,0.412,0.5379999999999999,30,8,38,10,92,16,95,10,9,12,114.8176881303336,146.88388931988624,3.75,3.8,96.675,18,30,111.87283791807494,107.94462862688813
289,135,105,1,CHI,0.521,0.473,0.5,0.35700000000000004,34,7,27,12,96,20,93,11,13,16,137.24742661075103,106.7479984750286,4.857142857142857,2.25,98.3625,18,11,111.04541005878878,109.02559932602426
290,124,102,1,CLE,0.562,0.486,0.405,0.345,33,11,20,12,89,11,72,26,12,5,123.03112985241226,101.20302616891978,3.0,1.6666666666666667,100.7875,18,15,111.02099848771113,108.90888230544134
291,108,114,0,UTA,0.477,0.4320000000000001,0.29600000000000004,0.413,20,14,28,13,88,20,88,27,12,12,107.28920899043835,113.24972060101824,1.4285714285714286,2.1538461538461537,100.6625,18,21,112.21732443807817,109.83579221664894
292,132,95,1,PHO,0.5,0.421,0.417,0.233,26,12,20,15,94,29,76,26,16,2,118.31932773109243,85.15406162464986,2.1666666666666665,1.3333333333333333,111.5625,18,25,113.41226985520377,111.21098248002801
293,126,110,1,PHI,0.511,0.418,0.333,0.389,27,10,29,12,94,29,91,27,11,11,117.42777260018637,102.51630941286112,2.7,2.4166666666666665,107.3,18,6,115.2936717788349,111.4917383696211
294,95,92,0,MEM,0.44,0.449,0.222,0.281,17,15,26,19,84,14,78,19,9,9,95.15462626768499,92.14974333291596,1.1333333333333333,1.368421052631579,99.8375,18,24,117.14159775563442,110.87657848932176
295,105,99,0,NOP,0.472,0.416,0.3,0.417,31,9,27,14,89,19,89,13,6,8,103.85756676557864,97.92284866468843,3.4444444444444446,1.9285714285714288,101.1,18,28,117.10589149212905,109.18957128960089
296,136,122,1,HOU,0.622,0.529,0.452,0.364,37,8,23,10,82,23,85,21,10,11,149.5327102803739,134.13963716327655,4.625,2.3,90.95,18,19,116.17334553092128,107.10701265545856
297,107,106,0,MIN,0.472,0.472,0.394,0.324,29,10,27,8,89,14,89,16,15,8,114.28571428571428,113.21762349799734,2.9,3.375,93.625,18,29,117.11233250484105,105.9978491515218
298,103,129,0,DET,0.446,0.545,0.321,0.4320000000000001,28,13,32,20,92,22,88,20,10,16,97.65347238682152,122.30386347475704,2.1538461538461537,1.6,105.475,18,13,116.11699451543818,104.72687846090369
299,130,135,0,BRK,0.505,0.511,0.371,0.5589999999999999,32,13,36,13,99,21,90,33,12,5,111.75585643670752,116.0541586073501,2.4615384615384617,2.769230769230769,116.325,18,7,115.02470425952254,104.4073845980498
300,110,117,0,PHI,0.489,0.5,0.231,0.455,35,12,23,17,94,13,78,32,8,7,98.48908785674314,104.75657526580862,2.9166666666666665,1.3529411764705883,111.6875,18,6,113.93795968626604,106.60712986449195
301,103,87,1,MIA,0.4270000000000001,0.415,0.4320000000000001,0.273,27,15,23,16,89,13,82,16,10,7,100.10934272870855,84.55837686793829,1.8,1.4375,102.8875,18,5,113.02661266961925,108.85901220927852
302,120,118,1,SAC,0.455,0.452,0.258,0.344,26,13,30,12,99,25,93,28,14,10,107.05921712947472,105.27489684398348,2.0,2.5,112.0875,18,27,112.21210007508147,109.42374121115213
303,114,104,0,DAL,0.408,0.405,0.378,0.244,32,13,19,15,103,25,84,33,21,7,97.6236351958895,89.06015842432026,2.4615384615384617,1.2666666666666666,116.775,18,22,110.72580436508018,110.56217829313476
304,123,96,1,LAC,0.518,0.345,0.353,0.14300000000000002,30,22,20,17,85,35,87,37,12,7,109.7234611953613,85.6378233719893,1.3636363636363635,1.1764705882352942,112.1,18,17,108.63327447180167,109.16275565763512
305,121,112,1,OKC,0.466,0.453,0.464,0.263,28,18,31,17,88,35,95,25,11,14,112.8205128205128,104.42890442890442,1.5555555555555556,1.8235294117647056,107.25,18,20,107.5592473162755,106.76049904242483
306,104,111,1,UTA,0.404,0.44,0.28,0.3720000000000001,25,12,25,11,99,24,84,33,16,10,93.66205110885963,99.96622762580208,2.083333333333333,2.272727272727273,111.0375,18,21,106.50029152459511,104.1477601531527
307,112,120,1,NOP,0.424,0.489,0.281,0.4,25,16,28,21,92,29,92,26,10,12,99.50027762354249,106.60744031093836,1.5625,1.3333333333333333,112.5625,18,28,103.91932515745368,100.51790879496042
308,103,104,0,SAS,0.4320000000000001,0.482,0.425,0.32,27,12,27,9,95,4,85,19,8,6,99.07418540339064,100.0360706985692,2.25,3.0,103.9625,18,26,103.39173805739468,98.84042003420302
309,115,99,0,LAL,0.459,0.476,0.31,0.226,33,8,26,12,98,17,84,23,18,5,108.49056603773586,93.39622641509436,4.125,2.1666666666666665,106.0,18,16,103.3593338318962,97.60044840959111
310,105,122,0,GSW,0.379,0.536,0.364,0.514,21,17,32,17,87,35,84,21,14,7,98.31460674157304,114.23220973782772,1.2352941176470589,1.8823529411764703,106.8,18,30,103.08696124854808,97.14005557700915
311,133,107,1,MIN,0.6,0.461,0.6,0.3670000000000001,40,14,24,14,85,15,89,14,7,12,137.9846971858384,111.0102451043963,2.8571428571428568,1.7142857142857142,96.3875,18,29,102.871312082711,98.34431580735482
312,100,99,1,DAL,0.481,0.425,0.276,0.324,27,11,22,8,81,17,87,17,8,9,111.01859561476549,109.9084096586178,2.4545454545454546,2.75,90.075,18,22,104.2848904003668,100.37603802065851
313,102,100,1,IND,0.476,0.453,0.289,0.25,27,10,20,9,82,20,75,37,9,8,105.6584228926583,103.5866891104493,2.7,2.2222222222222223,96.5375,18,4,105.18510684705412,101.73926380207958
314,114,105,0,BOS,0.489,0.419,0.359,0.308,29,17,24,12,94,10,93,19,11,12,109.73408735410901,101.07086993141618,1.7058823529411764,2.0,103.8875,18,3,106.59938898799648,103.43939806088589
315,113,108,0,WAS,0.529,0.506,0.467,0.28600000000000003,30,8,25,12,87,11,79,21,9,6,116.37487126673534,111.22554067971164,3.75,2.083333333333333,97.1,18,10,107.90102205601906,104.77446972492847
316,111,93,0,NYK,0.417,0.378,0.395,0.281,24,8,20,7,96,19,90,21,17,8,110.44776119402985,92.5373134328358,3.0,2.8571428571428568,100.5,18,12,109.43738564014538,105.56196233998236
317,88,124,0,IND,0.355,0.56,0.241,0.444,21,17,34,11,93,16,91,17,15,10,85.9899841211677,121.16770489800905,1.2352941176470589,3.0909090909090913,102.3375,18,4,111.12103561131816,105.55874124415982
318,95,92,1,DET,0.425,0.353,0.259,0.262,22,14,19,6,87,20,102,13,11,17,104.58235860740332,101.27975780927478,1.5714285714285714,3.1666666666666665,90.8375,18,13,110.81500310641009,106.1241226884898
319,85,112,0,HOU,0.369,0.46,0.16699999999999998,0.375,22,14,22,10,84,20,87,20,7,11,88.08290155440416,116.0621761658031,1.5714285714285714,2.2,96.5,18,19,110.25684031663813,106.15713900728207
320,115,105,0,OKC,0.565,0.489,0.424,0.29600000000000004,30,12,19,13,85,6,88,16,7,11,122.69938650306749,112.02987463323551,2.5,1.4615384615384617,93.725,18,20,108.07108864505746,106.85840856240753
321,90,95,1,WAS,0.376,0.402,0.194,0.25,18,11,24,10,93,20,92,20,12,9,87.8048780487805,92.6829268292683,1.6363636363636365,2.4,102.5,18,10,107.21626378566275,106.95837060440982
322,102,116,0,GSW,0.375,0.5429999999999999,0.233,0.382,23,15,36,24,96,29,92,8,12,13,91.24454880912444,103.76831041037684,1.5333333333333334,1.5,111.7875,18,30,104.0241949073897,106.66513214340026
323,113,85,1,SAS,0.54,0.383,0.364,0.185,41,14,15,11,87,12,81,25,8,11,114.38694166772112,86.04327470580793,2.9285714285714284,1.3636363636363635,98.7875,18,26,102.16741131121923,106.66190223013045
324,119,110,1,POR,0.512,0.488,0.259,0.345,27,9,24,14,84,29,86,20,12,12,125.08211798712391,115.62212587045065,3.0,1.7142857142857142,95.1375,18,23,101.59833350381453,105.77803445090802
325,108,115,0,POR,0.442,0.461,0.394,0.321,24,10,22,16,95,20,89,29,12,17,102.72262513375341,109.38057305908927,2.4,1.375,105.1375,18,23,102.03472905429904,105.55851829637793
326,108,118,0,UTA,0.466,0.526,0.48,0.37,24,7,24,15,88,22,78,34,3,9,101.59924741298212,111.00658513640636,3.4285714285714284,1.6,106.3,18,21,102.26086344116919,104.76180132937229
327,99,95,1,MIN,0.448,0.429,0.303,0.406,23,12,24,10,87,17,91,6,12,7,105.36118132233601,101.10416389517094,1.9166666666666667,2.4,93.9625,18,29,103.08829833219829,104.84868903157349
328,108,100,0,POR,0.42,0.414,0.563,0.25,24,19,13,20,81,27,87,23,11,13,107.59651307596512,99.626400996264,1.263157894736842,0.65,100.375,18,23,104.82847667004896,103.94716514006541
329,108,107,1,PHO,0.391,0.395,0.259,0.28600000000000003,21,14,25,17,92,36,86,32,8,10,94.19973833406021,93.32751853467072,1.5,1.4705882352941178,114.65,18,25,105.71266118123177,104.05083312375399
330,101,94,0,SAC,0.3670000000000001,0.396,0.278,0.324,19,10,25,12,98,21,91,16,19,15,100.2108396378519,93.26553392037701,1.9,2.083333333333333,100.7875,18,27,106.20729893629985,103.42636124228162
331,106,109,1,DAL,0.473,0.488,0.344,0.35100000000000003,24,10,29,8,91,13,84,24,14,10,109.51827457057988,112.6178483791812,2.4,3.625,96.7875,18,22,105.19650748529072,102.74605679451804
332,107,122,0,NOP,0.483,0.532,0.269,0.455,24,14,30,15,89,16,77,32,5,2,96.05026929982046,109.51526032315977,1.7142857142857142,2.0,111.4,18,28,105.46562400546668,103.09125069389066
333,91,87,0,ORL,0.37,0.43,0.321,0.207,15,13,22,15,73,39,86,11,7,10,100.69156293222684,96.26556016597509,1.1538461538461535,1.4666666666666666,90.375,18,8,104.70481367146292,102.8288659320629
334,109,89,1,MIA,0.523,0.364,0.391,0.31,35,19,23,13,86,16,88,25,9,13,108.20201017495968,88.3484303263432,1.8421052631578947,1.7692307692307692,100.7375,18,5,103.27200224895911,102.67200930184664
335,100,97,1,PHI,0.448,0.442,0.409,0.5,28,10,28,17,87,17,86,17,7,11,100.42681395932712,97.41400954054731,2.8,1.6470588235294117,99.575,18,6,102.24514367625899,101.17905780459981
336,100,98,0,MIN,0.386,0.35100000000000003,0.393,0.133,26,20,22,12,101,17,97,33,14,15,87.43169398907105,85.68306010928963,1.3,1.8333333333333333,114.375,18,29,102.10968802178182,100.41118587357246
337,121,125,1,ATL,0.442,0.53,0.268,0.441,31,3,30,14,104,22,83,34,15,10,106.79611650485435,110.32656663724623,10.333333333333334,2.142857142857143,113.3,18,14,101.4249870621398,99.09760738790423
338,101,93,1,BRK,0.426,0.379,0.303,0.211,26,7,19,7,101,10,95,16,14,7,97.41982155775258,89.70340004822764,3.7142857142857135,2.7142857142857144,103.675,18,7,101.21059652258855,98.90954872901428
339,131,114,0,MEM,0.551,0.464,0.563,0.444,36,12,29,16,89,23,84,24,6,9,122.81729755068558,106.8791749677722,3.0,1.8125,106.6625,18,24,100.63613481488653,97.95240094759819
340,105,95,1,HOU,0.468,0.421,0.333,0.316,29,14,19,20,94,15,76,25,15,9,96.77419354838709,87.55760368663593,2.071428571428572,0.95,108.5,18,19,101.61891618596503,97.83815407856437
341,96,92,1,BOS,0.443,0.407,0.25,0.259,24,17,21,11,88,13,81,23,11,5,93.61287176986835,89.71233544612384,1.4117647058823528,1.9090909090909087,102.55,18,3,101.6914595547698,97.15294689275908
342,116,104,1,PHO,0.473,0.5,0.452,0.343,24,10,25,12,91,23,82,12,19,7,119.20359666024405,106.87219010918434,2.4,2.083333333333333,97.3125,18,25,101.4220193716064,96.01944413254994
343,117,104,1,WAS,0.522,0.421,0.25,0.25,31,20,26,12,90,23,95,21,10,5,107.38871041762278,95.45663148233135,1.55,2.1666666666666665,108.95,18,10,102.73057565044093,96.0009909383722
344,97,100,0,SAC,0.414,0.385,0.344,0.242,23,16,22,14,87,21,96,21,9,13,96.06338202525379,99.03441445902452,1.4375,1.5714285714285714,100.975,18,27,103.62780766108239,96.2258947203816
345,96,105,1,LAL,0.407,0.464,0.207,0.292,26,11,24,16,91,17,84,30,7,14,91.2872934743849,99.84547723760849,2.363636363636364,1.5,105.1625,18,16,103.81908690055174,96.74118883753351
346,129,92,0,NYK,0.563,0.41,0.5379999999999999,0.265,38,13,23,14,87,18,83,23,9,5,124.95459498728658,89.11490495217339,2.9230769230769234,1.6428571428571428,103.2375,18,12,103.74886756666453,96.95772523171786
347,95,108,0,BOS,0.415,0.537,0.16699999999999998,0.371,18,12,21,15,94,15,82,8,12,4,90.50851494581396,102.89389067524117,1.5,1.4,104.9625,18,3,105.0267141653882,97.11530214792128
348,102,105,0,BRK,0.404,0.46,0.429,0.25,25,12,25,11,89,14,87,23,7,10,101.20302616891978,104.1795857621233,2.083333333333333,2.272727272727273,100.7875,18,7,104.2491399705196,96.92228394757034
349,92,97,0,PHI,0.435,0.416,0.259,0.333,29,13,24,15,85,12,89,16,5,12,94.69891919711785,99.84559958826557,2.230769230769231,1.6,97.15,18,6,103.98409455314655,97.69388317700795
350,114,99,1,POR,0.477,0.477,0.5,0.3,25,10,22,8,88,19,86,11,15,7,122.41610738255034,106.30872483221478,2.5,2.75,93.125,18,23,102.57430078516906,97.79802321242494
351,110,102,1,OKC,0.506,0.469,0.259,0.261,30,15,22,15,85,23,81,23,10,7,107.39565535757872,99.58506224066392,2.0,1.4666666666666666,102.425,18,20,103.30004147811016,98.92362353896173
352,111,105,1,NYK,0.468,0.468,0.35700000000000004,0.25,27,9,20,11,94,19,94,10,17,14,116.36744856506357,110.07731621019524,3.0,1.818181818181818,95.3875,18,12,103.79021268928805,99.68733490871425
353,113,104,1,ORL,0.476,0.425,0.407,0.379,28,17,25,12,84,25,87,21,14,8,114.80822961645923,105.66421132842264,1.6470588235294117,2.083333333333333,98.425,18,8,104.15657849121268,100.39339142655365
354,109,100,1,MIN,0.494,0.414,0.35700000000000004,0.238,27,15,20,14,89,12,87,27,10,16,109.25949129181808,100.2380654053377,1.8,1.4285714285714286,99.7625,18,29,105.52352628993552,101.56406588872356
355,128,104,0,LAL,0.489,0.47,0.344,0.345,31,8,18,19,92,30,83,22,17,18,127.553562531141,103.63726955655208,3.875,0.9473684210526316,100.35,18,16,107.28597297793249,102.33996179404237
356,113,111,0,PHO,0.551,0.483,0.536,0.35100000000000003,31,21,29,17,78,15,87,18,6,9,116.09092076537821,114.03621420315909,1.4761904761904765,1.7058823529411764,97.3375,18,25,109.89483768846517,103.0470143373623
357,100,112,1,NOP,0.402,0.456,0.324,0.419,24,12,23,18,92,18,90,12,13,14,99.37888198757764,111.30434782608695,2.0,1.2777777777777777,100.625,18,28,111.12424302035018,104.34610996835178
358,119,110,1,MEM,0.484,0.488,0.31,0.3,28,10,32,17,93,27,84,25,10,11,109.82925703737888,101.52284263959393,2.8,1.8823529411764703,108.35,18,24,112.6832554489494,105.0570975186706
359,120,115,1,SAC,0.519,0.529,0.276,0.382,23,12,32,12,81,31,85,17,10,9,126.44889357218125,121.18018967334037,1.9166666666666667,2.6666666666666665,94.9,18,27,113.44526899599636,105.41810100298315
360,104,130,0,HOU,0.464,0.529,0.32,0.471,25,16,20,15,97,9,87,31,14,13,95.85253456221196,119.81566820276495,1.5625,1.3333333333333333,108.5,18,19,114.57378538213158,106.72306258238642
361,124,116,0,IND,0.529,0.524,0.29600000000000004,0.462,27,10,32,9,87,27,82,25,15,9,128.03304078471865,119.77284460505938,2.7,3.555555555555556,96.85,18,4,113.32953212525732,108.04673874079768
362,114,128,0,WAS,0.46,0.5489999999999999,0.207,0.375,18,12,20,11,87,34,91,27,9,14,112.32910456952824,126.12390688508437,1.5,1.818181818181818,101.4875,18,10,113.69395939652402,109.87457066201806
363,123,115,0,ATL,0.511,0.455,0.333,0.462,27,4,24,10,92,27,77,32,7,4,114.40530170910358,106.96430647599115,6.75,2.4,107.5125,18,14,113.33616056959163,111.85347475269221
364,107,106,0,DAL,0.482,0.506,0.375,0.343,27,12,27,13,85,20,77,24,9,6,106.52065704330515,105.52513688402188,2.25,2.0769230769230766,100.45,18,22,113.30261655708286,113.3797160886319
365,103,111,1,CLE,0.4320000000000001,0.494,0.205,0.324,23,5,22,14,95,18,89,13,11,12,102.62797359571552,110.59907834101385,4.6,1.5714285714285714,100.3625,18,15,113.23769929134625,114.57286925216835
366,114,104,1,LAC,0.481,0.452,0.44,0.242,24,13,21,14,77,37,84,26,9,10,118.79640484564285,108.37566757848116,1.8461538461538465,1.5,95.9625,18,17,112.32513040729806,115.16361924203225
367,100,86,1,CHO,0.481,0.407,0.321,0.343,28,11,28,14,79,25,81,14,3,9,105.52697533306952,90.75319878643978,2.5454545454545454,2.0,94.7625,18,9,112.3833794813527,114.7218327224235
368,134,131,0,GSW,0.47,0.442,0.486,0.444,31,20,36,18,100,26,95,31,15,10,111.63178173487452,109.1325627408102,1.55,2.0,120.0375,18,30,112.28300495332132,113.05027112948906
369,107,115,1,IND,0.466,0.5,0.13,0.448,22,9,31,14,88,32,86,19,12,11,106.8797602696966,114.87077038331873,2.4444444444444446,2.2142857142857144,100.1125,18,4,111.74138854984083,111.71472768676247
370,107,100,0,MIN,0.478,0.418,0.355,0.31,26,13,26,9,90,12,91,14,13,11,112.42448121880743,105.06960861570788,2.0,2.888888888888889,95.175,18,29,110.55554738124219,109.87311023713322
371,105,121,0,HOU,0.457,0.472,0.35700000000000004,0.448,25,15,26,17,92,15,89,28,13,18,102.2270901788974,117.80455153949129,1.6666666666666667,1.5294117647058822,102.7125,18,19,110.71835041658362,108.16502754192709
372,113,106,0,NOP,0.377,0.463,0.317,0.444,26,11,24,17,106,20,82,30,24,12,99.23161361141601,93.08452250274424,2.363636363636364,1.4117647058823528,113.875,18,28,109.44592060474193,107.53321793818309
373,117,110,1,HOU,0.473,0.455,0.393,0.333,28,14,19,16,93,20,88,27,11,15,110.20840692334866,103.61474155186623,2.0,1.1875,106.1625,18,19,108.67126642830581,106.35623530438716
374,96,104,0,MEM,0.3720000000000001,0.561,0.378,0.333,23,19,32,16,86,18,82,14,13,6,94.48818897637794,102.36220472440945,1.2105263157894737,2.0,101.6,18,24,108.12121467050787,106.3585142293162
375,106,100,1,UTA,0.471,0.462,0.333,0.459,25,9,24,16,85,21,78,17,8,5,105.97350662334415,99.97500624843788,2.7777777777777777,1.5,100.025,18,21,107.10160457579168,106.20831980573794
376,127,115,0,MIL,0.48,0.453,0.478,0.3,29,12,29,13,100,9,95,26,7,7,111.58704008786384,101.04338275672707,2.4166666666666665,2.230769230769231,113.8125,18,1,106.35951937624586,105.55026622611283
377,123,128,0,DET,0.5,0.511,0.313,0.452,30,9,33,11,96,22,94,24,14,11,117.78788604261429,122.57601149150106,3.333333333333333,3.0,104.425,18,13,105.4088823291933,104.77472441075487
378,127,99,1,POR,0.511,0.396,0.5,0.29,30,13,16,9,90,25,91,22,12,9,124.92315258822084,97.38104020656586,2.3076923076923075,1.7777777777777777,101.6625,18,23,105.62385552804696,105.35161263834216
379,98,95,0,UTA,0.433,0.419,0.233,0.359,23,11,20,14,90,18,86,14,13,7,97.9020979020979,94.90509490509493,2.090909090909091,1.4285714285714286,100.1,18,21,106.5480158898922,104.55972716347235
380,117,108,0,PHO,0.5489999999999999,0.4370000000000001,0.393,0.281,23,14,25,13,82,21,87,23,8,11,121.30637636080871,111.97511664074649,1.6428571428571428,1.9230769230769231,96.45,18,25,107.16549447887132,103.69355882368048
381,127,120,1,SAS,0.563,0.482,0.514,0.5,34,10,33,10,80,23,85,25,9,9,137.44588744588742,129.87012987012986,3.4,3.3,92.4,18,26,108.68475809169853,104.00762456716636
382,116,120,1,LAL,0.5,0.505,0.44,0.364,32,10,29,12,88,22,93,27,3,10,111.39118953306922,115.23226503420958,3.2,2.4166666666666665,104.1375,18,16,111.55537412863443,105.04577596787584
383,101,113,0,OKC,0.481,0.46,0.222,0.34600000000000003,19,19,19,12,77,23,87,27,8,14,108.16599732262381,121.01740294511379,1.0,1.5833333333333333,93.375,18,20,113.64441888288829,106.8974273273397
384,128,116,1,MIN,0.589,0.444,0.3670000000000001,0.35,29,13,26,15,90,17,90,29,5,9,118.60088024090805,107.4820477183229,2.230769230769231,1.7333333333333334,107.925,18,29,114.87139637914036,108.80989555490818
385,115,98,1,DET,0.579,0.407,0.474,0.366,33,18,24,16,76,22,81,21,9,12,124.03936901712282,105.70311446676551,1.8333333333333333,1.5,92.7125,18,13,116.5255305225801,110.44268111985791
386,103,132,0,LAC,0.451,0.539,0.36,0.462,19,14,35,10,91,16,89,20,13,11,103.46559517830237,132.5966850828729,1.3571428571428572,3.5,99.55,18,17,117.5432730624608,111.83458209082494
387,133,118,1,TOR,0.5660000000000001,0.461,0.5,0.263,38,16,24,11,83,30,89,29,7,8,129.11054483679166,114.54920519354448,2.375,2.1818181818181817,103.0125,18,2,117.2510675659788,113.9088476534665
388,100,116,1,GSW,0.448,0.512,0.15,0.439,22,15,31,11,87,26,82,22,19,5,100.60362173038229,116.70020120724344,1.4666666666666666,2.8181818181818183,99.4,18,30,117.47134757722591,114.53223348086343
389,114,112,0,CHO,0.53,0.494,0.308,0.394,29,12,24,13,83,20,77,28,13,9,118.87382690302395,116.78832116788321,2.4166666666666665,1.8461538461538465,95.9,18,9,116.38383435734458,115.8413019008187
390,102,104,0,CLE,0.506,0.5529999999999999,0.406,0.429,28,17,32,21,85,8,76,12,9,8,101.74563591022444,103.74064837905236,1.6470588235294117,1.5238095238095235,100.25,18,15,116.62309893055175,116.7747373455821
391,109,95,1,MIL,0.436,0.378,0.39,0.3,28,12,23,17,94,12,90,18,6,11,101.75029171528591,88.68144690781797,2.333333333333333,1.3529411764705883,107.125,18,1,115.18868953525643,116.29198792360872
392,97,113,0,DAL,0.47,0.457,0.359,0.343,23,15,23,10,83,8,92,23,3,13,102.25326129924892,119.11977862696008,1.5333333333333334,2.3,94.8625,18,22,113.15791121791646,114.27097003307584
393,105,125,1,MIA,0.438,0.556,0.229,0.448,28,19,29,15,89,24,72,37,13,6,94.60524833877687,112.62529564140104,1.4736842105263157,1.9333333333333331,110.9875,18,5,111.87886042214545,113.52800750817144
394,121,113,0,OKC,0.483,0.425,0.28,0.417,23,12,20,15,87,39,87,31,9,8,111.39240506329115,104.02761795166859,1.9166666666666667,1.3333333333333333,108.625,18,20,109.94107601079494,112.22721715138347
395,132,126,0,SAS,0.5489999999999999,0.495,0.389,0.3670000000000001,31,14,29,7,91,21,93,27,14,10,130.82259663032704,124.8761149653122,2.2142857142857144,4.142857142857143,100.9,18,26,108.08811920744097,110.98596007772491
396,115,125,1,POR,0.524,0.467,0.5,0.59,30,16,30,9,84,17,92,20,11,13,123.27482245745679,133.99437223636608,1.875,3.333333333333333,93.2875,18,23,107.39011394046908,110.7157536400749
397,134,132,1,UTA,0.472,0.448,0.243,0.4,29,11,34,22,108,30,105,22,12,15,108.633968382651,107.0125658694771,2.636363636363636,1.5454545454545454,123.35,18,21,108.07829313330024,110.8118127095224
398,121,124,0,LAL,0.584,0.5429999999999999,0.565,0.483,27,14,28,10,77,23,81,32,10,14,134.35114503816794,137.68216516308118,1.9285714285714288,2.8,90.0625,18,16,108.19866440536106,111.52357999429964
399,111,124,1,LAC,0.494,0.541,0.371,0.378,33,12,29,7,87,19,85,23,9,6,112.14953271028038,125.28416266734024,2.75,4.142857142857143,98.975,18,17,111.05635342511383,113.85680713870127
400,109,117,0,TOR,0.414,0.5,0.421,0.514,27,15,27,19,87,23,90,14,9,13,107.08584059928774,114.94535183593271,1.8,1.4210526315789471,101.7875,18,2,112.9017976018155,116.27626069720935
